{"mean": [0.5238882241409397, 0.4945771446943634, 0.5221551945757831, 0.5153051858139721, 0.48457439870078006, 0.48270907005699654, 0.4913671444564898, 0.4971821949062798, 0.5136119036633549, 0.5039246032749859], "scale": [0.2915900885471583, 0.2827635542774846, 0.27919005615392717, 0.2911750008427182, 0.2826156021945814, 0.29604789271135873, 0.291066195742056, 0.27644788591854347, 0.2923279077931052, 0.2896905086010349]}